id;active;company;address;street_address;city;state_province;country;postal_code;email;website;phone_number;dot;mc;company_logo;company_logo_content_type;profile_status;preffred_currency;created_on;created_by;updated_on;updated_by
1;true;index;Shoes Intelligent Plastic Mouse;Avon iterate;South Aurorefurt;emulation;USA;Direct;Mervin95@gmail.com;Corporate human-resource deliverables;54930;Azerbaijanian Manat;36907;../fake-data/blob/hipster.png;image/png;ACTIVE;USD;2020-05-25T10:58:04;Washington;2020-05-26T02:27:12;Tokelau
2;false;Nepalese Rupee Gorgeous;Pula Agent channels;interface;Lake Agustina;Cheese navigating program;MEXICO;seize deposit Functionality;Leslie.Hane@hotmail.com;schemas Australian Dollar radical;64804;revolutionary Road adapter;45020;../fake-data/blob/hipster.png;image/png;INACTIVE;CAD;2020-05-25T15:25:26;Toys;2020-05-26T04:43:19;invoice International Credit Card Account
3;true;calculating teal Gorgeous Metal Bike;Unbranded;Fantastic Metal Computer Rubber;Henriview;value-added;MEXICO;Gorgeous Mobility Sausages;Dameon.Jenkins@yahoo.com;International evolve;33492;Hat;70455;../fake-data/blob/hipster.png;image/png;ACTIVE;USD;2020-05-25T18:52:56;Officer payment XML;2020-05-26T00:03:33;Islands Personal Loan Account solid state
4;false;payment Jewelery panel;harness Armenian Dram Enterprise-wide;bandwidth AGP;Marcelstad;Music harness;CANADA;online;Saige.Abernathy@yahoo.com;back-end;14129;Administrator;46532;../fake-data/blob/hipster.png;image/png;INACTIVE;USD;2020-05-25T19:28:10;Chips cross-platform ivory;2020-05-25T13:21:02;transmitting aggregate Applications
5;true;back-end application Money Market Account;customer loyalty;target;South Jaydaview;synthesize;CANADA;wireless SSL Refined Soft Bacon;Kyla_Roberts76@gmail.com;Factors;11035;Legacy Handcrafted viral;50109;../fake-data/blob/hipster.png;image/png;ACTIVE;INR;2020-05-25T15:55:34;system quantifying;2020-05-26T02:44:58;Knolls Louisiana groupware
6;false;synthesize compressing;Assurance deposit Sri Lanka Rupee;sensor Tuna;Desireeside;Kwanza Cheese deliverables;USA;Licensed data-warehouse Mouse;Clementine_Hilpert@hotmail.com;Music;1614;Division interfaces;4405;../fake-data/blob/hipster.png;image/png;ACTIVE;CAD;2020-05-25T14:59:14;Japan;2020-05-25T09:04:11;Denar
7;false;Adaptive;port Home Loan Account Keyboard;District rich Usability;Sengermouth;migration;CANADA;Money Market Account proactive;Augustine_Glover@yahoo.com;expedite recontextualize;61994;payment;41702;../fake-data/blob/hipster.png;image/png;ACTIVE;CAD;2020-05-26T01:08:25;Gourde US Dollar;2020-05-25T22:15:21;pixel
8;true;firewall;Ethiopian Birr Garden Small;content Garden;Port Adolphside;dot-com;USA;Supervisor;Orion.Effertz@yahoo.com;info-mediaries;10983;Bedfordshire Balanced;26231;../fake-data/blob/hipster.png;image/png;INACTIVE;CAD;2020-05-26T04:55:13;bypass;2020-05-25T21:48:48;Incredible Metal Soap Dynamic
9;false;envisioneer indexing;Operations;Berkshire quantifying Unbranded;Bauchland;Home Loan Account Future Manager;USA;process improvement Versatile;Jaydon62@gmail.com;Fantastic Wooden Shirt Home Loan Account object-oriented;19004;synthesizing copying;66686;../fake-data/blob/hipster.png;image/png;INACTIVE;INR;2020-05-25T19:45:50;compelling enable;2020-05-25T14:39:11;reinvent
10;false;Arizona dedicated SAS;Future-proofed Fish Jewelery;Intranet;South Icie;Latvian Lats Boliviano Mvdol Valley;USA;Rubber B2C;Eula59@yahoo.com;Ergonomic Cotton Bacon Grocery Facilitator;91306;Unbranded Steel Fish benchmark;62409;../fake-data/blob/hipster.png;image/png;ACTIVE;USD;2020-05-25T21:18:16;syndicate program Legacy;2020-05-25T16:53:51;override JSON
