id;company;first_name;last_name;contact_designation;email;phone_number;phone_number_extention;preffred_contact_type;website;alternate_contact_person;alternate_contact_number;alternate_phone_number_extention;alternate_contact_email;preferred_contact_time;fax;address;street_address;city;state_province;country;postal_code;dot;mc;tax_id;company_logo;company_logo_content_type;customer_since;notes;contract;contract_content_type;status;preffred_currency;payterms;time_zone;created_on;created_by;updated_on;updated_by
1;Assistant;Kiana;Bosco;MANAGER;Lora.Morissette@gmail.com;95271;10694;EMAIL;index;Auto Loan Account;1585;12633;Principal sky blue;2020-05-25T07:03:08;76201;Hong Kong alarm;multi-byte;Kertzmannport;dedicated;CANADA;Pa'anga Directives Direct;Villages fuchsia Administrator;9354;Uzbekistan Sum;../fake-data/blob/hipster.png;image/png;2020-05-25;Handcrafted;../fake-data/blob/hipster.png;image/png;INACTIVE;USD;multi-byte;2020-05-25T10:32:08;2020-05-25T15:07:45;transmit;2020-05-26T01:33:03;Compatible primary
2;Credit Card Account;Ceasar;Prohaska;DISPATCHER;Dewayne_Osinski41@hotmail.com;16621;3613;MAIL;Auto Loan Account invoice;Tuna;88493;47201;COM Rhode Island;2020-05-25T19:48:04;11081;Auto Loan Account revolutionary Concrete;application;Lake Carleemouth;Berkshire;USA;fuchsia Robust;connect;65246;Future;../fake-data/blob/hipster.png;image/png;2020-05-25;generating Kenya Handcrafted;../fake-data/blob/hipster.png;image/png;INACTIVE;USD;maroon;2020-05-25T08:10:32;2020-05-25T14:39:56;Via;2020-05-25T19:34:55;overriding Designer initiatives
3;invoice;Althea;Murazik;ACCOUNTANT;Colt90@yahoo.com;68763;33920;EMAIL;Small Manat upward-trending;Refined Concrete Chips Buckinghamshire;69493;87319;Kids Future Egypt;2020-05-25T10:48:42;95683;Ramp Latvian Lats;Internal New Leu Licensed;Larsonview;withdrawal Cambridgeshire Brand;MEXICO;reboot;Shirt quantify;3290;Maine bypass embrace;../fake-data/blob/hipster.png;image/png;2020-05-25;knowledge user optical mindshare;../fake-data/blob/hipster.png;image/png;INACTIVE;INR;SAS;2020-05-25T10:41:54;2020-05-26T05:56:37;orange;2020-05-25T12:43:55;Oregon Mississippi systems
4;Bike connecting Fantastic;Malika;Rowe;OWNER;Shaina.Weissnat@hotmail.com;14777;11267;PHONE;backing up;Data Buckinghamshire;64084;21941;Specialist architectures;2020-05-25T12:02:18;23996;knowledge user SMS;Web Minnesota;Micahborough;Washington;CANADA;SSL;transparent Developer;63549;Engineer Global;../fake-data/blob/hipster.png;image/png;2020-05-25;Savings Account Gorgeous;../fake-data/blob/hipster.png;image/png;INACTIVE;CAD;quantify;2020-05-26T03:37:27;2020-05-25T06:59:50;Nebraska;2020-05-25T19:35:52;Solutions Convertible Marks methodologies
5;Netherlands Antillian Guilder Avon Awesome;Osborne;Fritsch;MANAGER;Emie_Abernathy@yahoo.com;53099;27956;PHONE;Central;invoice;67194;42319;networks Montana;2020-05-25T13:39:01;58429;Web Georgia Syrian Pound;Assistant Somalia Frozen;North Fleta;concept Agent;CANADA;Pula;calculating;71436;Handcrafted payment Sports;../fake-data/blob/hipster.png;image/png;2020-05-25;Executive;../fake-data/blob/hipster.png;image/png;ACTIVE;INR;Markets;2020-05-26T00:32:10;2020-05-25T22:51:39;SDD;2020-05-25T21:28:43;interface Guarani New Hampshire
6;Lead hack;Maria;Dickinson;OWNER;Susanna.Auer@yahoo.com;81562;98751;PHONE;sky blue Ports;Money Market Account Mount Arizona;74759;17623;Automotive experiences;2020-05-25T07:32:38;99398;Factors methodologies artificial intelligence;Tasty;West Anibalmouth;Incredible Plastic Car EXE;USA;Dynamic Bedfordshire withdrawal;CFA Franc BCEAO;65477;Ergonomic Concrete Pizza;../fake-data/blob/hipster.png;image/png;2020-05-26;Moroccan Dirham;../fake-data/blob/hipster.png;image/png;ACTIVE;USD;PCI magenta;2020-05-25T06:47:27;2020-05-25T16:42:40;Solutions;2020-05-25T21:34:22;Buckinghamshire grow
7;Program;Marjory;Prosacco;ACCOUNTANT;Earline94@hotmail.com;20639;18569;PHONE;Bedfordshire Intelligent ADP;Bridge Factors haptic;20394;60091;Tala Analyst;2020-05-25T22:22:19;67004;Handcrafted Concrete Salad;Cambridgeshire;Laynehaven;COM;USA;Tactics Ergonomic driver;Legacy;70575;Representative;../fake-data/blob/hipster.png;image/png;2020-05-26;View transmitter structure;../fake-data/blob/hipster.png;image/png;ACTIVE;CAD;solutions;2020-05-26T01:52:07;2020-05-25T07:50:13;analyzing Mountains;2020-05-25T21:17:28;Credit Card Account
8;Indiana;Autumn;Vandervort;ACCOUNTANT;Neha_Simonis@gmail.com;16153;11719;EMAIL;Baby Bouvet Island (Bouvetoya) visualize;morph Agent bandwidth;24825;83836;Wooden;2020-05-25T22:34:43;22579;B2B Steel Andorra;transmitter;Gulgowskiview;deposit;MEXICO;cyan;Berkshire;76553;index Refined user-centric;../fake-data/blob/hipster.png;image/png;2020-05-25;Regional user-facing;../fake-data/blob/hipster.png;image/png;ACTIVE;INR;content-based Unbranded Integrated;2020-05-25T14:44:09;2020-05-25T14:24:37;Generic;2020-05-25T23:00:56;compress optical matrix
9;e-commerce Vision-oriented overriding;Rudy;Bailey;ACCOUNTANT;Lucious_OKon@hotmail.com;6298;14689;FAX;Jewelery Minnesota India;reintermediate;47910;98189;Credit Card Account transitional Unbranded;2020-05-25T09:14:55;56033;Licensed Cotton Mouse Hat;context-sensitive;Devontehaven;back up;MEXICO;Dalasi Pitcairn Islands quantify;local mint green;42773;applications;../fake-data/blob/hipster.png;image/png;2020-05-25;5th generation;../fake-data/blob/hipster.png;image/png;ACTIVE;CAD;functionalities invoice;2020-05-25T23:50:24;2020-05-25T21:40:00;Bedfordshire;2020-05-25T15:56:12;firewall
10;back-end;Talon;Deckow;DISPATCHER;Aubrey.Schimmel66@hotmail.com;64187;90343;FAX;Research;Heights website;89320;79436;override auxiliary Gloves;2020-05-25T14:05:03;94786;Plastic optical global;Small Rubber Ball;South Adolph;dynamic Handmade matrix;CANADA;compressing;hack redefine;17071;Port Music orchestrate;../fake-data/blob/hipster.png;image/png;2020-05-25;Cambridgeshire 24/365;../fake-data/blob/hipster.png;image/png;INACTIVE;CAD;Industrial Concrete seize;2020-05-25T17:23:22;2020-05-26T06:33:15;Direct Bedfordshire Direct;2020-05-25T23:19:17;Steel
