id;company;first_name;last_name;email;phone_number;licence_number;dob;company_joined_on;company_left_on;image;image_content_type;licence_image;licence_image_content_type;remarks;contract_doc;contract_doc_content_type;status;created_on;created_by;updated_on;updated_by
1;Investment Account;Delmer;Steuber;Montana_Kuvalis@gmail.com;85783;portal SDD quantify;2020-05-25;2020-05-25;2020-05-25;../fake-data/blob/hipster.png;image/png;../fake-data/blob/hipster.png;image/png;copying Sports;../fake-data/blob/hipster.png;image/png;INACTIVE;2020-05-26T01:12:05;Forward Bacon;2020-05-26T04:35:27;Borders Architect
2;approach;Maximus;Dibbert;Louie_Hayes@gmail.com;35858;incentivize sexy intuitive;2020-05-26;2020-05-25;2020-05-26;../fake-data/blob/hipster.png;image/png;../fake-data/blob/hipster.png;image/png;Connecticut pricing structure;../fake-data/blob/hipster.png;image/png;ACTIVE;2020-05-25T15:35:06;navigating Oman Ergonomic;2020-05-25T10:21:36;Directives
3;Mobility;Helen;Crist;Greg_Emmerich43@hotmail.com;86789;Libyan Arab Jamahiriya withdrawal;2020-05-25;2020-05-25;2020-05-25;../fake-data/blob/hipster.png;image/png;../fake-data/blob/hipster.png;image/png;Bermudian Dollar (customarily known as Bermuda Dollar) matrix invoice;../fake-data/blob/hipster.png;image/png;ACTIVE;2020-05-25T11:17:22;Chicken Avon envisioneer;2020-05-25T14:10:23;Licensed
4;mobile users invoice;Bernardo;Bahringer;Al_Koepp@gmail.com;85249;Divide Berkshire Direct;2020-05-26;2020-05-25;2020-05-26;../fake-data/blob/hipster.png;image/png;../fake-data/blob/hipster.png;image/png;Usability;../fake-data/blob/hipster.png;image/png;INACTIVE;2020-05-25T20:41:38;Director Concrete;2020-05-25T07:11:56;Configuration transmit
5;strategy navigate;Selena;Denesik;Kira13@gmail.com;78802;Managed Intelligent;2020-05-25;2020-05-25;2020-05-25;../fake-data/blob/hipster.png;image/png;../fake-data/blob/hipster.png;image/png;Shoes SQL invoice;../fake-data/blob/hipster.png;image/png;INACTIVE;2020-05-25T08:46:50;Tasty Metal Cheese Berkshire;2020-05-25T15:47:05;PCI Macedonia
6;Handmade Soft Cheese;Nona;Jones;Yessenia6@gmail.com;42723;Handcrafted Concrete Chair;2020-05-25;2020-05-26;2020-05-26;../fake-data/blob/hipster.png;image/png;../fake-data/blob/hipster.png;image/png;Fresh monetize Alaska;../fake-data/blob/hipster.png;image/png;INACTIVE;2020-05-25T19:43:14;International Refined Rubber Gloves;2020-05-25T08:09:08;Plastic Lakes Forward
7;Incredible pixel Buckinghamshire;Heloise;Sawayn;Vivienne11@gmail.com;99869;Fantastic Plastic Hat Profit-focused;2020-05-26;2020-05-25;2020-05-25;../fake-data/blob/hipster.png;image/png;../fake-data/blob/hipster.png;image/png;architectures Bedfordshire bandwidth;../fake-data/blob/hipster.png;image/png;ACTIVE;2020-05-26T01:12:28;invoice Practical;2020-05-25T14:18:36;COM
8;calculate;Nettie;Homenick;Dina_Heaney@gmail.com;16685;bypass world-class;2020-05-25;2020-05-26;2020-05-25;../fake-data/blob/hipster.png;image/png;../fake-data/blob/hipster.png;image/png;Wooden Iraqi Dinar;../fake-data/blob/hipster.png;image/png;INACTIVE;2020-05-25T06:55:28;Fundamental AI;2020-05-25T13:54:25;rich Azerbaijanian Manat revolutionize
9;payment EXE;Ike;Bednar;Luisa_Hermann45@gmail.com;15647;Realigned;2020-05-25;2020-05-25;2020-05-25;../fake-data/blob/hipster.png;image/png;../fake-data/blob/hipster.png;image/png;Intelligent;../fake-data/blob/hipster.png;image/png;ACTIVE;2020-05-26T00:06:05;Integrated bricks-and-clicks Ergonomic Fresh Salad;2020-05-25T22:08:38;Usability
10;Small;Melvina;Schaden;Mozelle42@hotmail.com;906;Ridges;2020-05-25;2020-05-25;2020-05-25;../fake-data/blob/hipster.png;image/png;../fake-data/blob/hipster.png;image/png;pixel Saudi Arabia;../fake-data/blob/hipster.png;image/png;ACTIVE;2020-05-26T02:58:27;supply-chains;2020-05-25T17:00:51;responsive streamline West Virginia
